My Reports,5-15,US/Regional-Growth used market share data dump
My Reports,5-15,US/Regional-Growth market share-test file
My Reports,5-15,Average Rate by Rate Sheet Cell - Weekly Update - by Region Hi LTV
My Reports,5-15,Average Rate by Rate Sheet Cell - Weekly Update - by Region Lo LTV
My Reports,5-15,APGFCU - Used Competitive Pricing
My Reports,5-15,National RSI 2005+, <125k, <125%
My Reports,5-15,RSI 60mths
My Reports,5-15,RSI New 60 Mo <100 LTV
My Reports,5-15,RSI New 60 Mo 100-125 LTV
My Reports,5-15,RSI New 72 Mo <100 LTV
My Reports,5-15,RSI New 72 Mo 100-125 LTV
My Reports,5-15,RSI Used 60 Mo 100-125 LTV
My Reports,5-15,RSI Used 72 Mo <100 LTV
My Reports,5-15,RSI Used 72 Mo 100-125 LTV
My Reports,5-15,0-59 Term, 2014-2015 MY, 0-80 LTV
My Reports,5-15,0-59 Term, 2014-2015 MY, 126+ LTV
My Reports,5-15,0-59 Term, 2014-2015 MY, 96-115 LTV
My Reports,5-15,Chesapeake VA Buy Rate across beacon bands
My Reports,5-15,Pricing Load File (March 2015)
My Reports,5-15,Richmond VA Buy Rate across beacon bands
My Reports,5-15,Term/Buy Rate/LTC
My Reports,5-15,GLS LTC 20 Pt Bands